Data;Preco
02/05/2025;61,57
01/05/2025;62,37
30/04/2025;63,37
29/04/2025;64,04
28/04/2025;66,13
25/04/2025;66,99
24/04/2025;67,5
23/04/2025;68,26
22/04/2025;68,93
17/04/2025;69,33
16/04/2025;67,94
15/04/2025;66,58
14/04/2025;67,18
11/04/2025;66,83
10/04/2025;65,37
09/04/2025;67,3
08/04/2025;64,86
07/04/2025;66,13
04/04/2025;68,36
03/04/2025;72,54
02/04/2025;77,27
01/04/2025;77,78
31/03/2025;77,23
28/03/2025;74,69
27/03/2025;74,72
26/03/2025;74,6
25/03/2025;73,78
24/03/2025;73,96
21/03/2025;72,64
20/03/2025;72,61
19/03/2025;71,94
18/03/2025;71,93
17/03/2025;71,93
14/03/2025;71,94
13/03/2025;70,82
12/03/2025;72,36
11/03/2025;71,51
10/03/2025;71,08
07/03/2025;72,49
06/03/2025;71,08
05/03/2025;70,92
04/03/2025;72,31
03/03/2025;72,85
28/02/2025;74,76
27/02/2025;75,01
26/02/2025;73,49
25/02/2025;73,11
24/02/2025;74,89
21/02/2025;74,88
20/02/2025;76,95
19/02/2025;76,34
18/02/2025;76,46
17/02/2025;75,81
14/02/2025;75,19
13/02/2025;75,61
12/02/2025;75,38
11/02/2025;77,65
10/02/2025;76,23
07/02/2025;74,68
06/02/2025;74,54
05/02/2025;74,71
04/02/2025;76,58
03/02/2025;76,49
31/01/2025;77,11
30/01/2025;77,42
29/01/2025;77,02
28/01/2025;78,01
27/01/2025;77,3
24/01/2025;78,71
23/01/2025;78,62
22/01/2025;80
21/01/2025;80,57
20/01/2025;81,68
17/01/2025;83,02
16/01/2025;82,39
15/01/2025;83,48
14/01/2025;82,39
13/01/2025;82,69
10/01/2025;79,76
09/01/2025;78,44
08/01/2025;77,37
07/01/2025;77,84
06/01/2025;77,27
03/01/2025;76,72
02/01/2025;76,14
31/12/2024;74,58
30/12/2024;74,24
27/12/2024;73,77
26/12/2024;73,5
24/12/2024;73,5
23/12/2024;72,12
20/12/2024;73,19
19/12/2024;73,75
16/12/2024;74,3
13/12/2024;74,89
12/12/2024;73,52
11/12/2024;74,38
10/12/2024;73,64
09/12/2024;73,73
06/12/2024;73,78
05/12/2024;73,78
04/12/2024;74,68
03/12/2024;74,8
02/12/2024;72,81
29/11/2024;74,16
28/11/2024;73,92
27/11/2024;73,91
26/11/2024;74,56
25/11/2024;74,27
22/11/2024;76,1
21/11/2024;75,09
20/11/2024;74,33
19/11/2024;74,32
18/11/2024;74,35
15/11/2024;73,45
14/11/2024;73,39
13/11/2024;72,86
12/11/2024;72,56
11/11/2024;72,19
08/11/2024;74,04
07/11/2024;75,73
06/11/2024;76,52
05/11/2024;76,98
04/11/2024;74,89
01/11/2024;73,63
31/10/2024;73,25
30/10/2024;73,21
29/10/2024;71,09
28/10/2024;71,87
25/10/2024;75,62
24/10/2024;74,27
23/10/2024;74,68
22/10/2024;75,59
21/10/2024;73,29
18/10/2024;72,75
17/10/2024;74,37
16/10/2024;73,65
15/10/2024;73,68
12/10/2024;78,47
11/10/2024;80,27
10/10/2024;79,45
09/10/2024;77,06
08/10/2024;78,19
07/10/2024;81,74
04/10/2024;79,32
03/10/2024;77,57
02/10/2024;74,86
01/10/2024;75,3
30/09/2024;72,35
27/09/2024;71,63
26/09/2024;73,06
25/09/2024;75,4
24/09/2024;75,29
23/09/2024;74,95
20/09/2024;75,96
19/09/2024;75,93
18/09/2024;74,52
17/09/2024;74,55
16/09/2024;73,96
13/09/2024;73,68
12/09/2024;73,81
11/09/2024;70,31
10/09/2024;70,34
09/09/2024;72,37
06/09/2024;72,82
05/09/2024;74,47
04/09/2024;74,67
03/09/2024;76,46
02/09/2024;77,82
30/08/2024;80,2
29/08/2024;81,55
28/08/2024;80,04
27/08/2024;81,51
23/08/2024;80,34
22/08/2024;78,8
21/08/2024;78,77
20/08/2024;78,85
19/08/2024;81,09
16/08/2024;81,56
15/08/2024;83,09
14/08/2024;82,15
13/08/2024;82,51
12/08/2024;83,06
09/08/2024;81,07
08/08/2024;80,76
07/08/2024;78,26
06/08/2024;76,62
05/08/2024;77,51
02/08/2024;78,35
01/08/2024;81,37
31/07/2024;81,39
30/07/2024;79,26
29/07/2024;80,94
26/07/2024;81,35
25/07/2024;82,58
24/07/2024;83,01
23/07/2024;82,2
22/07/2024;83,44
19/07/2024;85,19
18/07/2024;86,26
17/07/2024;85,76
16/07/2024;86,6
15/07/2024;86,42
12/07/2024;87,35
11/07/2024;86,49
10/07/2024;86,55
09/07/2024;86,48
08/07/2024;87,15
05/07/2024;88,66
04/07/2024;88,34
03/07/2024;88,25
02/07/2024;88,28
01/07/2024;86,57
28/06/2024;87,26
27/06/2024;87
26/06/2024;85,76
25/06/2024;86,81
24/06/2024;86,75
21/06/2024;86,42
20/06/2024;85,92
19/06/2024;85,64
18/06/2024;84,79
17/06/2024;82,45
14/06/2024;81,49
13/06/2024;81,44
12/06/2024;80,52
11/06/2024;80,15
10/06/2024;79,59
07/06/2024;78,12
06/06/2024;77,62
05/06/2024;75,41
04/06/2024;75,33
03/06/2024;76,45
31/05/2024;79,41
30/05/2024;81,42
29/05/2024;81,5
28/05/2024;81,34
24/05/2024;78,92
23/05/2024;79,25
22/05/2024;79,9
21/05/2024;81,22
20/05/2024;81,91
17/05/2024;82,24
16/05/2024;81,65
15/05/2024;79,98
14/05/2024;81
13/05/2024;83,18
10/05/2024;83,39
09/05/2024;83,27
08/05/2024;82,44
07/05/2024;82,69
03/05/2024;83,6
02/05/2024;84,81
01/05/2024;83,55
30/04/2024;88,23
29/04/2024;88,44
26/04/2024;89,95
25/04/2024;88,1
24/04/2024;89,02
23/04/2024;88,29
22/04/2024;87,3
19/04/2024;87,96
18/04/2024;88,34
17/04/2024;89,54
16/04/2024;91,29
15/04/2024;90,84
12/04/2024;93,12
11/04/2024;91,49
10/04/2024;91,57
09/04/2024;92,13
08/04/2024;91,73
05/04/2024;92,81
04/04/2024;90,32
03/04/2024;90,6
02/04/2024;87,63
28/03/2024;86,17
27/03/2024;84,94
26/03/2024;85,91
25/03/2024;86,18
22/03/2024;84,87
21/03/2024;84,92
20/03/2024;85,77
19/03/2024;87,36
18/03/2024;86,47
15/03/2024;85,39
14/03/2024;86,16
13/03/2024;83,95
12/03/2024;83,66
11/03/2024;83,44
08/03/2024;84,29
07/03/2024;84,88
06/03/2024;86,59
05/03/2024;85,82
04/03/2024;86,58
01/03/2024;84,82
29/02/2024;84,57
28/02/2024;84,08
27/02/2024;83,8
26/02/2024;84,01
23/02/2024;84,18
22/02/2024;85,84
21/02/2024;84,77
20/02/2024;84,78
19/02/2024;85,52
16/02/2024;84,88
15/02/2024;84,33
14/02/2024;84,41
13/02/2024;84,72
12/02/2024;83,88
09/02/2024;83,58
08/02/2024;83,01
07/02/2024;81,18
06/02/2024;80,46
05/02/2024;79,3
02/02/2024;79,54
01/02/2024;82,2
31/01/2024;82,98
30/01/2024;84,14
29/01/2024;83,99
26/01/2024;83,34
25/01/2024;82,33
24/01/2024;82,15
23/01/2024;82,04
22/01/2024;81,7
19/01/2024;80,71
18/01/2024;81,04
17/01/2024;78,88
16/01/2024;80,15
15/01/2024;79,76
12/01/2024;79,89
11/01/2024;80,21
10/01/2024;78,46
09/01/2024;77,97
08/01/2024;75,47
05/01/2024;78,31
04/01/2024;75,79
03/01/2024;77,18
02/01/2024;76,24
29/12/2023;77,69
28/12/2023;79,04
27/12/2023;80,97
26/12/2023;80,23
22/12/2023;80,23
21/12/2023;80,73
20/12/2023;81,1
19/12/2023;79,82
18/12/2023;78,89
15/12/2023;76,84
14/12/2023;77,05
13/12/2023;74,14
12/12/2023;74,11
11/12/2023;75,75
08/12/2023;75,94
07/12/2023;74,21
06/12/2023;74,33
05/12/2023;77,27
04/12/2023;78,16
01/12/2023;78,72
30/11/2023;81,72
29/11/2023;82,98
28/11/2023;81,66
27/11/2023;79,49
24/11/2023;79,82
23/11/2023;80,85
22/11/2023;81,76
21/11/2023;82,42
20/11/2023;83,25
17/11/2023;81,22
16/11/2023;77,73
15/11/2023;82,4
14/11/2023;84,2
13/11/2023;84,09
10/11/2023;83,66
09/11/2023;81,74
08/11/2023;81,46
07/11/2023;83,43
06/11/2023;87,31
30/10/2023;90,73
27/10/2023;90,73
26/10/2023;88,45
25/10/2023;90,14
24/10/2023;88
23/10/2023;91,88
20/10/2023;93,72
19/10/2023;93,12
18/10/2023;91,99
17/10/2023;92,52
16/10/2023;90,99
13/10/2023;94,33
12/10/2023;88,4
11/10/2023;87,58
10/10/2023;90,7
09/10/2023;91,37
06/10/2023;87,86
05/10/2023;88,28
04/10/2023;89,83
03/10/2023;94,46
02/10/2023;91,21
29/09/2023;95,86
28/09/2023;96,55
27/09/2023;97,1
26/09/2023;94,46
25/09/2023;94,01
22/09/2023;93,99
21/09/2023;93,7
20/09/2023;94,56
19/09/2023;96,11
18/09/2023;95,95
15/09/2023;95,55
14/09/2023;95,2
13/09/2023;93,04
12/09/2023;93,58
11/09/2023;91,97
08/09/2023;91,85
07/09/2023;91,16
06/09/2023;91,79
05/09/2023;91,25
04/09/2023;90,42
31/08/2023;87,29
30/08/2023;86,62
29/08/2023;86,37
25/08/2023;85,42
24/08/2023;84,07
23/08/2023;83,94
22/08/2023;84,7
21/08/2023;85,44
18/08/2023;85,92
17/08/2023;85,24
16/08/2023;84,49
15/08/2023;86,28
14/08/2023;87,4
11/08/2023;87,93
10/08/2023;87,44
09/08/2023;89,31
08/08/2023;88
07/08/2023;86,47
04/08/2023;87,38
03/08/2023;86,19
02/08/2023;84,01
01/08/2023;85,34
31/07/2023;85,22
28/07/2023;84,49
27/07/2023;84,28
26/07/2023;82,98
25/07/2023;83,46
24/07/2023;82,53
21/07/2023;81,06
20/07/2023;79,62
19/07/2023;79,38
18/07/2023;79,54
17/07/2023;77,8
15/07/2023;77,8
14/07/2023;79,9
13/07/2023;81,31
12/07/2023;80,35
11/07/2023;79,54
10/07/2023;77,83
08/07/2023;77,83
07/07/2023;78,77
06/07/2023;76,72
05/07/2023;76,74
04/07/2023;76,23
03/07/2023;74,52
30/06/2023;74,51
29/06/2023;73,86
28/06/2023;73,64
27/06/2023;71,88
26/06/2023;73,86
23/06/2023;73,56
22/06/2023;73,93
21/06/2023;76,92
20/06/2023;75,79
19/06/2023;76,09
16/06/2023;76,76
15/06/2023;75,75
14/06/2023;73,39
13/06/2023;74,24
12/06/2023;71,8
09/06/2023;74,74
08/06/2023;75,88
07/06/2023;76,85
06/06/2023;76,22
05/06/2023;76,61
02/06/2023;76
01/06/2023;74,18
31/05/2023;71,98
30/05/2023;73,38
26/05/2023;76,33
25/05/2023;75,66
24/05/2023;77,99
23/05/2023;76,66
22/05/2023;75,77
19/05/2023;75,42
18/05/2023;75,75
17/05/2023;76,98
16/05/2023;75,15
15/05/2023;75,46
12/05/2023;74,54
11/05/2023;75,32
10/05/2023;76,7
09/05/2023;77,76
05/05/2023;75,85
04/05/2023;73
03/05/2023;72,91
02/05/2023;76,71
28/04/2023;81,32
27/04/2023;80,11
26/04/2023;79,19
25/04/2023;82,13
24/04/2023;84,23
21/04/2023;83,36
20/04/2023;83,29
19/04/2023;85,34
18/04/2023;85,48
17/04/2023;85,63
14/04/2023;87,31
13/04/2023;86,51
12/04/2023;88,31
11/04/2023;87,32
10/04/2023;86,56
06/04/2023;86,56
05/04/2023;85,89
04/04/2023;85,7
03/04/2023;85,81
31/03/2023;79,19
30/03/2023;78,45
29/03/2023;77,51
28/03/2023;78,07
27/03/2023;76,8
24/03/2023;73,63
23/03/2023;74,31
22/03/2023;76,08
21/03/2023;74,78
20/03/2023;72,42
17/03/2023;71,03
16/03/2023;73,12
15/03/2023;74,3
14/03/2023;76,77
13/03/2023;79,67
10/03/2023;82,3
09/03/2023;81
08/03/2023;82,1
07/03/2023;83,03
06/03/2023;85,86
03/03/2023;85,74
02/03/2023;84,15
01/03/2023;83,68
28/02/2023;83,21
27/02/2023;81,24
24/02/2023;82,31
23/02/2023;82,08
22/02/2023;79,55
21/02/2023;82,14
20/02/2023;82,79
17/02/2023;81,97
16/02/2023;83,84
15/02/2023;84,11
14/02/2023;84,96
13/02/2023;85,98
10/02/2023;85,46
09/02/2023;83,46
08/02/2023;84,17
07/02/2023;82,92
06/02/2023;80,48
03/02/2023;78,85
02/02/2023;80,57
01/02/2023;81,61
31/01/2023;83,42
30/01/2023;84,9
27/01/2023;85,36
26/01/2023;86,29
25/01/2023;85,08
24/01/2023;85,25
23/01/2023;87,96
20/01/2023;86,96
19/01/2023;85,08
18/01/2023;83,78
17/01/2023;84,38
16/01/2023;82,65
13/01/2023;83,43
12/01/2023;82,59
11/01/2023;81,11
10/01/2023;78,4
09/01/2023;77,5
06/01/2023;76,41
05/01/2023;76,73
04/01/2023;75,31
03/01/2023;80,36
02/01/2023;82,82
30/12/2022;82,82
29/12/2022;80,96
28/12/2022;81,7
27/12/2022;82,45
23/12/2022;82,45
22/12/2022;79,58
21/12/2022;80,25
20/12/2022;79,45
19/12/2022;81,66
16/12/2022;80,2
15/12/2022;82,34
14/12/2022;83,33
13/12/2022;80,14
12/12/2022;78
09/12/2022;76,37
08/12/2022;76,02
07/12/2022;77,11
06/12/2022;79,92
05/12/2022;83,36
02/12/2022;86,54
01/12/2022;86,28
30/11/2022;85,61
29/11/2022;83,22
28/11/2022;83,5
25/11/2022;83,4
24/11/2022;85,59
23/11/2022;85,9
22/11/2022;88,65
21/11/2022;88,44
18/11/2022;88,93
17/11/2022;91
16/11/2022;92,61
15/11/2022;94,3
14/11/2022;93,59
11/11/2022;96,37
10/11/2022;94,25
09/11/2022;93,05
08/11/2022;96,85
07/11/2022;99,87
04/11/2022;99,53
03/11/2022;95,29
02/11/2022;96,07
01/11/2022;95,12
31/10/2022;93,3
28/10/2022;94,64
27/10/2022;94,17
26/10/2022;92,93
25/10/2022;91,76
24/10/2022;91,57
21/10/2022;91,82
20/10/2022;91,52
19/10/2022;91,34
18/10/2022;89,46
17/10/2022;91,04
14/10/2022;92,22
13/10/2022;95,16
12/10/2022;93,44
11/10/2022;95,17
10/10/2022;97,13
07/10/2022;98,88
06/10/2022;95,65
05/10/2022;94,35
04/10/2022;93,74
03/10/2022;90,68
30/09/2022;88,9
29/09/2022;89,41
28/09/2022;89,55
27/09/2022;85,97
26/09/2022;82,55
23/09/2022;84,29
22/09/2022;90,4
21/09/2022;89,86
20/09/2022;89,62
19/09/2022;89,43
16/09/2022;89,43
15/09/2022;89,28
14/09/2022;92,83
13/09/2022;92,04
12/09/2022;93,45
09/09/2022;91,68
08/09/2022;87,99
07/09/2022;86,83
06/09/2022;91,43
05/09/2022;94,22
02/09/2022;93,09
01/09/2022;92,24
31/08/2022;96,55
30/08/2022;99,34
26/08/2022;101,13
25/08/2022;98,81
24/08/2022;99,87
23/08/2022;99,49
22/08/2022;95,06
19/08/2022;96,45
18/08/2022;96,35
17/08/2022;97,22
16/08/2022;95,36
15/08/2022;98,25
12/08/2022;103,7
11/08/2022;107,19
10/08/2022;105,06
09/08/2022;103,81
08/08/2022;103,46
05/08/2022;100,31
04/08/2022;97,99
03/08/2022;101,82
02/08/2022;106,51
01/08/2022;106,09
29/07/2022;111,51
28/07/2022;109,68
27/07/2022;109,64
26/07/2022;107,32
25/07/2022;108,23
22/07/2022;106,77
21/07/2022;112,81
20/07/2022;115,86
19/07/2022;114,96
18/07/2022;117,27
15/07/2022;112,26
14/07/2022;107,74
13/07/2022;107,17
12/07/2022;106,98
11/07/2022;114,85
08/07/2022;113,95
07/07/2022;113,4
06/07/2022;108,54
05/07/2022;110,49
04/07/2022;121,8
01/07/2022;119,21
30/06/2022;119,78
29/06/2022;120,8
28/06/2022;122,21
27/06/2022;119,69
24/06/2022;117,36
23/06/2022;114,5
22/06/2022;115,54
21/06/2022;118,51
20/06/2022;118,25
17/06/2022;119,22
16/06/2022;125,78
15/06/2022;124,96
14/06/2022;127,02
13/06/2022;128,44
10/06/2022;127,44
09/06/2022;128,47
08/06/2022;129,2
07/06/2022;126,89
06/06/2022;124,99
03/06/2022;125,68
01/06/2022;122,2
31/05/2022;125,53
30/05/2022;123,01
27/05/2022;121,19
26/05/2022;119,81
25/05/2022;116,41
24/05/2022;115,77
23/05/2022;115,13
20/05/2022;113,63
19/05/2022;113,22
18/05/2022;110,04
17/05/2022;112,89
16/05/2022;114,86
13/05/2022;112,12
12/05/2022;108,06
11/05/2022;107,7
10/05/2022;102,61
09/05/2022;106,67
06/05/2022;113,86
05/05/2022;112,11
04/05/2022;110,53
03/05/2022;104,94
02/05/2022;108,36
29/04/2022;108,36
28/04/2022;105,78
27/04/2022;103,3
26/04/2022;102,89
25/04/2022;99,27
22/04/2022;105,15
21/04/2022;107,2
20/04/2022;105,05
19/04/2022;105,49
18/04/2022;110,83
14/04/2022;110,83
13/04/2022;108,49
12/04/2022;104,42
11/04/2022;97,92
08/04/2022;101,26
07/04/2022;99,83
06/04/2022;100,81
05/04/2022;106,6
04/04/2022;108,15
01/04/2022;106,13
31/03/2022;107,29
30/03/2022;115,59
29/03/2022;112,79
28/03/2022;114,5
25/03/2022;122,67
24/03/2022;123,98
23/03/2022;127,52
22/03/2022;121,53
21/03/2022;122,29
18/03/2022;114,32
17/03/2022;113,5
16/03/2022;104,61
15/03/2022;105,14
14/03/2022;110,39
11/03/2022;118,11
10/03/2022;114,54
09/03/2022;116,58
08/03/2022;133,18
07/03/2022;129,02
04/03/2022;123,86
03/03/2022;115,36
02/03/2022;118,94
01/03/2022;110,93
28/02/2022;103,08
25/02/2022;98,56
24/02/2022;101,29
23/02/2022;99,29
22/02/2022;98,73
21/02/2022;98,95
18/02/2022;96,18
17/02/2022;95,28
16/02/2022;97,44
15/02/2022;98,43
14/02/2022;101,66
11/02/2022;97,5
10/02/2022;96,37
09/02/2022;94,95
08/02/2022;96,07
07/02/2022;97,28
04/02/2022;96,86
03/02/2022;92,99
02/02/2022;91,43
01/02/2022;90,24
31/01/2022;92,35
28/01/2022;91,47
27/01/2022;90,7
26/01/2022;91,22
25/01/2022;89,49
24/01/2022;87,74
21/01/2022;89,75
20/01/2022;89,75
19/01/2022;89,64
18/01/2022;88,83
17/01/2022;87,82
14/01/2022;87,17
13/01/2022;85,8
12/01/2022;85,83
11/01/2022;84,98
10/01/2022;81,56
07/01/2022;82,28
06/01/2022;81,99
05/01/2022;80,6
04/01/2022;79,39
03/01/2022;78,25
31/12/2021;77,24
30/12/2021;78,61
29/12/2021;78,63
27/12/2021;75,24
24/12/2021;75,24
23/12/2021;76,26
22/12/2021;74,69
21/12/2021;72,85
20/12/2021;70,51
17/12/2021;72,97
16/12/2021;74,64
15/12/2021;73,71
14/12/2021;73,37
13/12/2021;74,12
10/12/2021;74,98
09/12/2021;74,1
08/12/2021;75,94
07/12/2021;75,54
06/12/2021;73,38
03/12/2021;70,71
02/12/2021;70,56
01/12/2021;69,53
30/11/2021;70,86
29/11/2021;73,34
26/11/2021;72,37
25/11/2021;82,05
24/11/2021;82,37
23/11/2021;83,43
22/11/2021;80,97
19/11/2021;80,24
18/11/2021;82,45
17/11/2021;80,67
16/11/2021;82,85
15/11/2021;81,94
12/11/2021;82,9
11/11/2021;83,4
10/11/2021;82,91
09/11/2021;84,52
08/11/2021;83,22
05/11/2021;82,43
04/11/2021;80,15
03/11/2021;81,1
02/11/2021;84,42
01/11/2021;84,51
29/10/2021;83,1
28/10/2021;83,4
27/10/2021;84,12
26/10/2021;85,11
25/10/2021;84,85
22/10/2021;85,43
21/10/2021;84,58
20/10/2021;85,76
19/10/2021;85,02
18/10/2021;84,13
15/10/2021;84,67
14/10/2021;83,86
13/10/2021;83,53
12/10/2021;83,53
11/10/2021;83,75
08/10/2021;82,17
07/10/2021;82,34
06/10/2021;81,39
05/10/2021;82,72
04/10/2021;81,44
01/10/2021;79,4
30/09/2021;77,81
29/09/2021;77,86
28/09/2021;78,3
27/09/2021;78,85
24/09/2021;77,42
23/09/2021;76,44
22/09/2021;75,5
21/09/2021;73,65
20/09/2021;73,59
17/09/2021;74,64
16/09/2021;75,14
15/09/2021;74,84
14/09/2021;73,05
13/09/2021;72,97
10/09/2021;72,44
09/09/2021;71,32
08/09/2021;72,36
07/09/2021;71,52
06/09/2021;72,43
03/09/2021;73,07
02/09/2021;73,56
01/09/2021;71,99
31/08/2021;73,45
27/08/2021;72,26
26/08/2021;70,42
25/08/2021;72,12
24/08/2021;71,21
23/08/2021;69,07
20/08/2021;65,51
19/08/2021;66,8
18/08/2021;68,61
17/08/2021;69,4
16/08/2021;70,07
13/08/2021;70,9
12/08/2021;71,79
11/08/2021;71,99
10/08/2021;71,14
09/08/2021;69,65
06/08/2021;71,02
05/08/2021;72,14
04/08/2021;70,99
03/08/2021;73,24
02/08/2021;73,91
30/07/2021;77,72
29/07/2021;76,3
28/07/2021;75,09
27/07/2021;74,87
26/07/2021;74,79
23/07/2021;74,86
22/07/2021;74,25
21/07/2021;72,54
20/07/2021;70,03
19/07/2021;69,33
16/07/2021;74,46
15/07/2021;74,53
14/07/2021;75,74
13/07/2021;77,5
12/07/2021;76,77
09/07/2021;77,14
08/07/2021;75,07
07/07/2021;74,31
06/07/2021;75,81
05/07/2021;78,34
02/07/2021;77,51
01/07/2021;76,69
30/06/2021;76,94
29/06/2021;75,38
28/06/2021;74,78
25/06/2021;76,45
24/06/2021;75,95
23/06/2021;75,22
22/06/2021;74,92
21/06/2021;74,49
18/06/2021;73,1
17/06/2021;72,92
16/06/2021;73,88
15/06/2021;73,38
14/06/2021;72,27
11/06/2021;72,05
10/06/2021;71,65
09/06/2021;71,31
08/06/2021;71,39
07/06/2021;70,89
04/06/2021;71,3
03/06/2021;70,71
02/06/2021;70,6
01/06/2021;70,03
28/05/2021;69,36
27/05/2021;69,43
26/05/2021;68,93
25/05/2021;68,8
24/05/2021;68,59
21/05/2021;66,72
20/05/2021;65,18
19/05/2021;66,88
18/05/2021;69,01
17/05/2021;69,62
14/05/2021;69,24
13/05/2021;67,36
12/05/2021;69,62
11/05/2021;68,83
10/05/2021;68,61
07/05/2021;68,73
06/05/2021;68,62
05/05/2021;69,71
30/04/2021;67,73
29/04/2021;68,26
28/04/2021;67,08
27/04/2021;66,25
26/04/2021;65,5
23/04/2021;65,75
22/04/2021;65,07
21/04/2021;64,02
20/04/2021;65,34
19/04/2021;66,54
16/04/2021;65,98
15/04/2021;66,13
14/04/2021;66,11
13/04/2021;62,83
12/04/2021;62,38
09/04/2021;61,89
08/04/2021;62,09
07/04/2021;61,86
06/04/2021;61,47
05/04/2021;63,85
01/04/2021;63,85
31/03/2021;63,52
30/03/2021;63,28
29/03/2021;64,06
26/03/2021;63,77
25/03/2021;61,21
24/03/2021;63,7
23/03/2021;59,96
22/03/2021;63,89
19/03/2021;64
18/03/2021;62,11
17/03/2021;67,73
16/03/2021;67,95
15/03/2021;68,78
12/03/2021;68,87
11/03/2021;69,34
10/03/2021;67,53
09/03/2021;67,03
08/03/2021;68
05/03/2021;69,95
04/03/2021;67,32
03/03/2021;64,7
02/03/2021;63,17
01/03/2021;64,56
26/02/2021;65,86
25/02/2021;66,69
24/02/2021;66,85
23/02/2021;65,16
22/02/2021;64,73
19/02/2021;62,84
18/02/2021;64,09
17/02/2021;65,02
16/02/2021;63,96
15/02/2021;63,58
12/02/2021;62,47
11/02/2021;61,09
10/02/2021;61,17
09/02/2021;60,74
08/02/2021;60,17
05/02/2021;59,48
04/02/2021;58,98
03/02/2021;58,61
02/02/2021;57,62
01/02/2021;56,42
29/01/2021;55,25
28/01/2021;54,87
27/01/2021;55,07
26/01/2021;55,26
25/01/2021;55,44
22/01/2021;55,22
21/01/2021;55,68
20/01/2021;55,66
19/01/2021;55,38
18/01/2021;54,21
15/01/2021;54,8
14/01/2021;55,76
13/01/2021;55,52
12/01/2021;55,98
11/01/2021;54,84
08/01/2021;55,51
07/01/2021;53,7
06/01/2021;53,8
05/01/2021;53,16
04/01/2021;50,37
31/12/2020;51,22
30/12/2020;50,74
29/12/2020;50,44
28/12/2020;50,88
24/12/2020;50,88
23/12/2020;51,05
22/12/2020;49,88
21/12/2020;50,61
18/12/2020;52,17
14/12/2020;50,27
11/12/2020;50,01
10/12/2020;50,33
09/12/2020;48,81
08/12/2020;48,84
07/12/2020;48,63
04/12/2020;49,1
03/12/2020;48,37
02/12/2020;47,8
01/12/2020;47,03
30/11/2020;46,84
27/11/2020;46,88
26/11/2020;46,32
25/11/2020;47,3
24/11/2020;46,63
23/11/2020;45
20/11/2020;43,79
19/11/2020;43,09
18/11/2020;42,91
17/11/2020;42,54
16/11/2020;42,71
13/11/2020;41,51
12/11/2020;42,16
11/11/2020;42,5
10/11/2020;42,25
09/11/2020;40,93
06/11/2020;38,08
05/11/2020;39,47
04/11/2020;39,68
03/11/2020;38,17
02/11/2020;37,78
30/10/2020;36,33
29/10/2020;36,56
28/10/2020;37,86
27/10/2020;39,72
26/10/2020;39,06
23/10/2020;40,71
22/10/2020;41,28
21/10/2020;40,09
20/10/2020;41,62
19/10/2020;41,29
16/10/2020;41,34
15/10/2020;41,61
14/10/2020;41,81
13/10/2020;41,34
12/10/2020;40,5
09/10/2020;41,63
08/10/2020;42
07/10/2020;40,62
06/10/2020;41,27
05/10/2020;39,78
02/10/2020;38
01/10/2020;39,75
30/09/2020;40,3
29/09/2020;40,33
28/09/2020;41,59
25/09/2020;40,91
24/09/2020;41,24
23/09/2020;41,09
22/09/2020;40,84
21/09/2020;40,37
19/09/2020;40,37
18/09/2020;42,16
17/09/2020;42,35
16/09/2020;41,23
15/09/2020;39,54
14/09/2020;38,57
13/09/2020;39,54
12/09/2020;38,57
11/09/2020;38,8
10/09/2020;39,27
09/09/2020;39,98
08/09/2020;38,53
07/09/2020;40,67
04/09/2020;41,1
03/09/2020;42,72
02/09/2020;42,7
01/09/2020;45,72
28/08/2020;45,22
27/08/2020;44,84
26/08/2020;45,79
25/08/2020;46,01
24/08/2020;44,43
21/08/2020;43,94
20/08/2020;44,56
19/08/2020;45,21
18/08/2020;45,34
17/08/2020;44,91
14/08/2020;44,86
13/08/2020;44,87
12/08/2020;45,09
11/08/2020;43,68
10/08/2020;44,19
07/08/2020;44,07
06/08/2020;45,04
05/08/2020;44,92
04/08/2020;43,99
03/08/2020;43,76
31/07/2020;43,13
30/07/2020;42,98
29/07/2020;43,51
28/07/2020;43,11
27/07/2020;43,39
24/07/2020;43,29
23/07/2020;42,96
22/07/2020;43,98
21/07/2020;44,31
20/07/2020;43,3
17/07/2020;43,53
16/07/2020;43,71
15/07/2020;43,96
14/07/2020;42,97
13/07/2020;42,85
10/07/2020;43,27
09/07/2020;42,35
08/07/2020;43,67
07/07/2020;43,28
06/07/2020;42,73
03/07/2020;42,92
02/07/2020;43,19
01/07/2020;42,18
30/06/2020;41,64
29/06/2020;41,58
26/06/2020;40,97
25/06/2020;41,18
24/06/2020;40,4
23/06/2020;42,72
22/06/2020;43,2
19/06/2020;42,33
18/06/2020;41,75
17/06/2020;40,47
16/06/2020;40,75
15/06/2020;39,44
12/06/2020;38,54
11/06/2020;37,76
10/06/2020;41,18
09/06/2020;40,45
08/06/2020;39,66
05/06/2020;41
04/06/2020;38,41
03/06/2020;37,98
02/06/2020;37,72
01/06/2020;36,74
29/05/2020;34,15
28/05/2020;33,98
27/05/2020;32,73
26/05/2020;33,95
25/05/2020;33,8
22/05/2020;33,8
21/05/2020;34,78
20/05/2020;34,76
19/05/2020;33,06
18/05/2020;33,3
15/05/2020;30,95
14/05/2020;29,87
13/05/2020;27,89
12/05/2020;26,67
11/05/2020;25,53
07/05/2020;24,23
06/05/2020;24,2
05/05/2020;25,46
04/05/2020;20,4
01/05/2020;18,49
30/04/2020;18,11
29/04/2020;17,86
28/04/2020;15,6
27/04/2020;15,17
24/04/2020;15,87
23/04/2020;15,06
22/04/2020;13,77
21/04/2020;9,12
20/04/2020;17,36
17/04/2020;19,75
16/04/2020;18,69
15/04/2020;19,8
14/04/2020;21,74
13/04/2020;20,23
09/04/2020;20,23
08/04/2020;25,22
07/04/2020;22,1
06/04/2020;22,58
03/04/2020;24,33
02/04/2020;20,24
01/04/2020;14,97
31/03/2020;14,85
30/03/2020;19,19
27/03/2020;22,39
26/03/2020;23,55
25/03/2020;25,62
24/03/2020;24,5
23/03/2020;21,85
20/03/2020;25,55
19/03/2020;23,98
18/03/2020;22,79
17/03/2020;27,97
16/03/2020;27,98
13/03/2020;33
12/03/2020;31,05
11/03/2020;34,45
10/03/2020;36,66
09/03/2020;35,33
06/03/2020;45,6
05/03/2020;51,29
04/03/2020;51,86
03/03/2020;52,24
02/03/2020;52,52
28/02/2020;51,31
27/02/2020;52,19
26/02/2020;54,96
25/02/2020;56,71
24/02/2020;56,04
21/02/2020;58,6
20/02/2020;59,72
19/02/2020;59,72
18/02/2020;57,35
17/02/2020;57,83
14/02/2020;57,37
13/02/2020;56,34
12/02/2020;55,54
11/02/2020;54
10/02/2020;53,39
07/02/2020;54,53
06/02/2020;55,18
05/02/2020;55,36
04/02/2020;53,9
03/02/2020;54
31/01/2020;57,77
30/01/2020;57,72
29/01/2020;59,46
28/01/2020;59,37
27/01/2020;58,54
24/01/2020;59,34
23/01/2020;61,26
22/01/2020;62,11
21/01/2020;63,66
20/01/2020;64,63
17/01/2020;64,05
16/01/2020;64,63
15/01/2020;63,29
14/01/2020;64,45
13/01/2020;64,14
10/01/2020;66,77
09/01/2020;66,58
08/01/2020;67,31
07/01/2020;68,74
06/01/2020;70,25
03/01/2020;69,08
02/01/2020;67,05
31/12/2019;67,77
30/12/2019;68,3
27/12/2019;68,91
26/12/2019;69,26
24/12/2019;69,26
23/12/2019;67,49
20/12/2019;68,66
19/12/2019;69,7
18/12/2019;69,12
16/12/2019;68,04
13/12/2019;67,44
12/12/2019;66,67
11/12/2019;65,37
10/12/2019;66,57
09/12/2019;66,44
06/12/2019;66,5
05/12/2019;65,67
04/12/2019;65,25
03/12/2019;62,95
02/12/2019;63,2
29/11/2019;64,5
28/11/2019;64,68
27/11/2019;65,03
26/11/2019;64,82
25/11/2019;64,67
22/11/2019;64,83
21/11/2019;64,99
20/11/2019;63,8
19/11/2019;62,37
18/11/2019;62,82
15/11/2019;63,32
14/11/2019;62,46
13/11/2019;62,27
12/11/2019;62,19
11/11/2019;62,58
08/11/2019;62
07/11/2019;62,6
06/11/2019;62,11
05/11/2019;62,72
04/11/2019;62,52
01/11/2019;60,17
31/10/2019;59,3
30/10/2019;60,22
29/10/2019;61,05
28/10/2019;60,39
25/10/2019;62,06
24/10/2019;61,71
23/10/2019;60,52
22/10/2019;60,5
21/10/2019;58,95
18/10/2019;59,96
17/10/2019;59,35
16/10/2019;59,3
15/10/2019;59,19
14/10/2019;58,81
11/10/2019;60,59
10/10/2019;59,08
09/10/2019;59,7
08/10/2019;58,14
07/10/2019;59,46
04/10/2019;59,13
03/10/2019;58,01
02/10/2019;57,92
01/10/2019;60,06
30/09/2019;60,99
27/09/2019;62,48
26/09/2019;62,08
25/09/2019;62,41
24/09/2019;64,13
23/09/2019;64,66
20/09/2019;65,23
19/09/2019;64,25
18/09/2019;64,29
17/09/2019;65,59
16/09/2019;68,42
13/09/2019;61,25
12/09/2019;60,76
11/09/2019;63,02
10/09/2019;64,67
09/09/2019;63,99
06/09/2019;61,28
05/09/2019;62,7
04/09/2019;60,68
03/09/2019;57,93
02/09/2019;58,55
30/08/2019;61,04
29/08/2019;60,59
28/08/2019;60,42
27/08/2019;58,44
26/08/2019;58,64
23/08/2019;58,64
22/08/2019;59,81
21/08/2019;60,6
20/08/2019;59,03
19/08/2019;59,79
16/08/2019;59
15/08/2019;57,37
14/08/2019;57,86
13/08/2019;59,9
12/08/2019;57,13
09/08/2019;57,37
08/08/2019;56,29
07/08/2019;55,03
06/08/2019;58,63
05/08/2019;59,32
02/08/2019;61,12
01/08/2019;62,9
31/07/2019;64,07
30/07/2019;62,55
29/07/2019;62,29
26/07/2019;62,46
25/07/2019;63,47
24/07/2019;63,83
23/07/2019;62,28
22/07/2019;61,96
19/07/2019;61,04
18/07/2019;60,7
17/07/2019;63,67
16/07/2019;65,87
15/07/2019;66,86
12/07/2019;66,65
11/07/2019;67,64
10/07/2019;66,41
09/07/2019;64,3
08/07/2019;64,89
05/07/2019;64,23
04/07/2019;63,62
03/07/2019;63,53
02/07/2019;62,72
01/07/2019;65,1
28/06/2019;67,52
27/06/2019;66,78
26/06/2019;66,85
25/06/2019;66,24
24/06/2019;65,16
21/06/2019;65,99
20/06/2019;65,44
19/06/2019;62,85
18/06/2019;63,35
17/06/2019;62,56
14/06/2019;63,13
13/06/2019;63,28
12/06/2019;61,66
11/06/2019;63,56
10/06/2019;64,31
07/06/2019;64,1
06/06/2019;62,77
05/06/2019;62,14
04/06/2019;63,56
03/06/2019;63,16
01/06/2019;63,16
31/05/2019;66,78
30/05/2019;69,55
29/05/2019;70,64
28/05/2019;70,19
27/05/2019;67,98
24/05/2019;67,98
23/05/2019;68,37
22/05/2019;71,94
21/05/2019;72,94
20/05/2019;73,21
17/05/2019;73,94
16/05/2019;74,7
15/05/2019;73,09
14/05/2019;72,53
13/05/2019;72,35
10/05/2019;71,63
09/05/2019;70,61
08/05/2019;71,09
07/05/2019;70,98
06/05/2019;71,95
03/05/2019;71,95
02/05/2019;70,56
01/05/2019;72,01
30/04/2019;72,19
29/04/2019;71,22
26/04/2019;71,03
25/04/2019;74,94
24/04/2019;73,59
23/04/2019;74,39
18/04/2019;70,71
17/04/2019;71,14
16/04/2019;70,74
15/04/2019;70,9
12/04/2019;71,57
11/04/2019;71,3
10/04/2019;71,63
09/04/2019;71,02
08/04/2019;71,12
05/04/2019;69,93
04/04/2019;69,8
03/04/2019;69,21
02/04/2019;69,68
01/04/2019;69,08
29/03/2019;67,93
28/03/2019;66,08
27/03/2019;67,35
26/03/2019;67,51
25/03/2019;67,37
22/03/2019;66,29
21/03/2019;68,3
20/03/2019;68,35
19/03/2019;67,13
18/03/2019;66,65
15/03/2019;66,11
14/03/2019;66,18
13/03/2019;65,89
12/03/2019;65,33
11/03/2019;65,06
08/03/2019;65,66
07/03/2019;64,82
06/03/2019;64,51
05/03/2019;64,24
04/03/2019;64,44
01/03/2019;63,71
28/02/2019;65,03
27/02/2019;65,55
26/02/2019;64,51
25/02/2019;64,02
22/02/2019;66,91
21/02/2019;66,91
20/02/2019;66,82
19/02/2019;65,86
18/02/2019;66,41
16/02/2019;65,65
15/02/2019;64
14/02/2019;63,27
13/02/2019;62,58
12/02/2019;61,3
11/02/2019;61,3
09/02/2019;61,37
08/02/2019;61,01
07/02/2019;62,22
06/02/2019;61,67
05/02/2019;62,26
04/02/2019;62,26
02/02/2019;61,86
01/02/2019;62,46
31/01/2019;61,89
30/01/2019;60,98
29/01/2019;59,71
28/01/2019;59,71
26/01/2019;61,49
25/01/2019;61,09
24/01/2019;61,05
23/01/2019;60,9
22/01/2019;62,18
21/01/2019;62,18
19/01/2019;62,04
18/01/2019;59,85
17/01/2019;59,81
16/01/2019;58,65
15/01/2019;58,8
14/01/2019;58,8
12/01/2019;59,24
11/01/2019;60,47
10/01/2019;59,46
09/01/2019;56,91
08/01/2019;57,1
07/01/2019;57,1
05/01/2019;55,64
04/01/2019;53,23
03/01/2019;54,06
02/01/2019;54,06
29/12/2018;50,57
28/12/2018;51,49
27/12/2018;51,49
22/12/2018;51,93
21/12/2018;52,84
20/12/2018;55,6
19/12/2018;55,26
18/12/2018;57,59
17/12/2018;57,59
15/12/2018;58,56
14/12/2018;59,03
13/12/2018;59,94
12/12/2018;59,73
11/12/2018;60,29
10/12/2018;60,29
08/12/2018;61,71
07/12/2018;57,83
06/12/2018;61,4
05/12/2018;61,22
04/12/2018;60,17
03/12/2018;60,17
01/12/2018;57,71
30/11/2018;58,29
29/11/2018;57,97
28/11/2018;59,58
27/11/2018;59,7
26/11/2018;59,7
24/11/2018;57,69
23/11/2018;61,11
22/11/2018;61,65
21/11/2018;61,5
20/11/2018;64,14
19/11/2018;64,14
17/11/2018;65,29
16/11/2018;65,61
15/11/2018;64,88
14/11/2018;65,45
13/11/2018;69,81
12/11/2018;69,81
10/11/2018;69,01
09/11/2018;69,29
08/11/2018;70,1
07/11/2018;70,64
06/11/2018;72,68
05/11/2018;72,68
03/11/2018;71,11
02/11/2018;71,25
01/11/2018;74,84
31/10/2018;75,68
30/10/2018;77,56
29/10/2018;77,56
27/10/2018;77,4
26/10/2018;77,3
25/10/2018;77,34
24/10/2018;78,67
23/10/2018;80,45
22/10/2018;80,45
20/10/2018;80,38
19/10/2018;80,3
18/10/2018;79,91
17/10/2018;80,53
16/10/2018;80,91
15/10/2018;80,91
13/10/2018;80,71
12/10/2018;81,35
11/10/2018;83,82
10/10/2018;85,16
09/10/2018;84,22
08/10/2018;85,16
07/10/2018;84,22
06/10/2018;85,12
05/10/2018;86,07
04/10/2018;85,45
03/10/2018;85,63
02/10/2018;84,94
01/10/2018;84,94
29/09/2018;82,72
28/09/2018;81,54
27/09/2018;81,87
26/09/2018;82,21
25/09/2018;80,89
24/09/2018;80,89
22/09/2018;78,9
21/09/2018;79,03
20/09/2018;79,43
19/09/2018;79,25
18/09/2018;78,22
17/09/2018;78,22
15/09/2018;77,87
14/09/2018;77,66
13/09/2018;80,02
12/09/2018;78,22
11/09/2018;76,77
10/09/2018;76,77
08/09/2018;75,55
07/09/2018;75,67
06/09/2018;76,68
05/09/2018;77,51
04/09/2018;77,81
03/09/2018;77,81
01/09/2018;76,94
31/08/2018;77,05
30/08/2018;76,07
29/08/2018;75,91
28/08/2018;74,41
27/08/2018;74,41
25/08/2018;74,41
24/08/2018;73,73
23/08/2018;72,96
22/08/2018;71,65
21/08/2018;71,11
20/08/2018;71,11
18/08/2018;70,14
17/08/2018;69,21
16/08/2018;68,38
15/08/2018;70,77
14/08/2018;70,62
13/08/2018;70,62
11/08/2018;71
10/08/2018;70,55
09/08/2018;70,71
08/08/2018;72,31
07/08/2018;72,51
06/08/2018;72,51
04/08/2018;72,48
03/08/2018;72,95
02/08/2018;72,28
01/08/2018;74,16
31/07/2018;74,99
30/07/2018;74,99
28/07/2018;74,84
27/07/2018;74,51
26/07/2018;73,67
25/07/2018;73,53
24/07/2018;73,45
23/07/2018;73,45
21/07/2018;71,99
20/07/2018;71,94
19/07/2018;70,52
18/07/2018;70,87
17/07/2018;71,03
16/07/2018;71,03
14/07/2018;74,11
13/07/2018;72,11
12/07/2018;75,35
11/07/2018;77,8
10/07/2018;77,08
09/07/2018;77,08
07/07/2018;74,98
06/07/2018;77,09
05/07/2018;76,99
04/07/2018;75,87
03/07/2018;76,71
02/07/2018;76,71
30/06/2018;77,44
29/06/2018;76,26
28/06/2018;76,09
27/06/2018;73,58
26/06/2018;72,82
25/06/2018;72,82
23/06/2018;73,67
22/06/2018;72,87
21/06/2018;74,25
20/06/2018;74,92
19/06/2018;74,87
18/06/2018;74,87
16/06/2018;72,02
15/06/2018;74,77
14/06/2018;75,07
13/06/2018;74,86
12/06/2018;74,58
11/06/2018;74,58
09/06/2018;75,11
08/06/2018;75,23
07/06/2018;73,23
06/06/2018;72,91
05/06/2018;73,41
04/06/2018;73,41
02/06/2018;74,54
01/06/2018;76,45
31/05/2018;75,89
30/05/2018;74,51
29/05/2018;74,51
26/05/2018;76,6
25/05/2018;78,9
24/05/2018;78,69
23/05/2018;80,42
22/05/2018;78,34
21/05/2018;78,34
19/05/2018;78,38
18/05/2018;80,09
17/05/2018;78,19
16/05/2018;78,94
15/05/2018;78,17
14/05/2018;78,17
12/05/2018;77,37
11/05/2018;77,59
10/05/2018;77,6
09/05/2018;74,16
08/05/2018;74,75
07/05/2018;74,75
05/05/2018;74,75
04/05/2018;73,45
03/05/2018;73,14
02/05/2018;74,85
01/05/2018;75,92
30/04/2018;75,92
28/04/2018;75,33
27/04/2018;75,39
26/04/2018;73,79
25/04/2018;75,86
24/04/2018;74,54
23/04/2018;74,54
21/04/2018;74,62
20/04/2018;74,85
19/04/2018;73,73
18/04/2018;71,71
17/04/2018;72,05
16/04/2018;72,05
14/04/2018;73,18
13/04/2018;71,44
12/04/2018;72,74
11/04/2018;70,67
10/04/2018;68,19
09/04/2018;68,19
07/04/2018;66,51
06/04/2018;66,54
05/04/2018;66,04
04/04/2018;69,02
03/04/2018;69,02
30/03/2018;69,02
29/03/2018;68,13
28/03/2018;68,63
27/03/2018;68,81
26/03/2018;68,81
24/03/2018;69,03
23/03/2018;68,98
22/03/2018;68,15
21/03/2018;66
20/03/2018;64,82
19/03/2018;64,82
17/03/2018;64,68
16/03/2018;63,67
15/03/2018;63,61
14/03/2018;64,2
13/03/2018;64,53
12/03/2018;64,53
10/03/2018;65,19
09/03/2018;63,87
08/03/2018;65,09
07/03/2018;65,67
06/03/2018;65,78
05/03/2018;65,78
03/03/2018;64,26
02/03/2018;64,23
01/03/2018;66,08
28/02/2018;67,59
27/02/2018;67,96
26/02/2018;67,96
24/02/2018;67,04
23/02/2018;66,12
22/02/2018;64,81
21/02/2018;64,68
20/02/2018;64,95
19/02/2018;64,95
18/02/2018;64,3
17/02/2018;62,86
16/02/2018;62,29
15/02/2018;61,94
14/02/2018;62,2
13/02/2018;61,94
12/02/2018;62,2
11/02/2018;63,04
10/02/2018;64,26
09/02/2018;65,74
08/02/2018;66,75
07/02/2018;67,69
06/02/2018;66,75
05/02/2018;67,69
04/02/2018;67,45
03/02/2018;68,6
02/02/2018;67,78
01/02/2018;67,78
31/01/2018;68,41
30/01/2018;67,78
29/01/2018;68,41
28/01/2018;70,08
27/01/2018;71,08
26/01/2018;69,91
25/01/2018;69,81
24/01/2018;69,32
23/01/2018;69,81
22/01/2018;69,32
21/01/2018;68,56
20/01/2018;69,48
19/01/2018;69,19
18/01/2018;69,4
17/01/2018;70,31
16/01/2018;69,4
15/01/2018;70,31
14/01/2018;69,64
13/01/2018;70,36
12/01/2018;69,79
11/01/2018;69,08
10/01/2018;68,48
09/01/2018;69,08
08/01/2018;68,48
07/01/2018;68,01
06/01/2018;68,73
05/01/2018;67,85
04/01/2018;66,65
03/01/2018;66,65
02/01/2018;66,65
01/01/2018;66,65
31/12/2017;66,73
30/12/2017;66,8
29/12/2017;66,03
28/12/2017;64,61
27/12/2017;66,03
26/12/2017;64,61
24/12/2017;64,61
23/12/2017;64,64
22/12/2017;64,43
21/12/2017;63,69
20/12/2017;64,45
19/12/2017;63,69
18/12/2017;64,45
17/12/2017;63,81
16/12/2017;63,72
15/12/2017;63,66
14/12/2017;64,96
13/12/2017;65,62
12/12/2017;64,96
11/12/2017;65,62
10/12/2017;63,86
09/12/2017;62,37
08/12/2017;62,25
07/12/2017;63,45
06/12/2017;63,45
05/12/2017;63,45
04/12/2017;63,45
03/12/2017;64,57
02/12/2017;63,53
01/12/2017;63,74
30/11/2017;63,56
29/11/2017;63,25
28/11/2017;63,56
27/11/2017;63,25
26/11/2017;63,58
25/11/2017;63,27
24/11/2017;62,92
23/11/2017;62,28
22/11/2017;61,34
21/11/2017;62,28
20/11/2017;61,34
19/11/2017;61,34
18/11/2017;61,18
17/11/2017;61,25
16/11/2017;60,91
15/11/2017;62,94
14/11/2017;60,91
13/11/2017;62,94
12/11/2017;64,35
11/11/2017;64,49
10/11/2017;63,96
09/11/2017;64,36
08/11/2017;64,27
07/11/2017;64,36
06/11/2017;64,27
05/11/2017;61,42
04/11/2017;60,79
03/11/2017;60,98
02/11/2017;61,35
01/11/2017;60,65
31/10/2017;61,35
30/10/2017;60,65
29/10/2017;60,15
28/10/2017;58,75
27/10/2017;58,45
26/10/2017;57,84
25/10/2017;57,69
24/10/2017;57,84
23/10/2017;57,69
22/10/2017;57,89
21/10/2017;57,82
20/10/2017;58,05
19/10/2017;57,63
18/10/2017;57,49
17/10/2017;57,63
16/10/2017;57,49
15/10/2017;56,86
14/10/2017;56,13
13/10/2017;56,13
12/10/2017;56,62
11/10/2017;55,29
10/10/2017;56,62
09/10/2017;55,29
08/10/2017;55,5
07/10/2017;57,09
06/10/2017;56
05/10/2017;56,12
04/10/2017;55,67
03/10/2017;56,12
02/10/2017;55,67
01/10/2017;57,02
30/09/2017;58,8
29/09/2017;58,74
28/09/2017;59,77
27/09/2017;59,42
26/09/2017;59,77
25/09/2017;59,42
24/09/2017;58,16
23/09/2017;57,73
22/09/2017;57,2
21/09/2017;56,58
20/09/2017;55,5
19/09/2017;56,58
18/09/2017;55,5
17/09/2017;56,18
16/09/2017;56,76
15/09/2017;55,52
14/09/2017;55,06
13/09/2017;54,2
12/09/2017;55,06
11/09/2017;54,2
10/09/2017;54,55
09/09/2017;54,16
08/09/2017;54,48
07/09/2017;53,63
06/09/2017;52,6
05/09/2017;53,63
04/09/2017;52,6
03/09/2017;53,15
02/09/2017;52,69
01/09/2017;51,91
31/08/2017;51,64
30/08/2017;51,87
29/08/2017;51,64
28/08/2017;51,87
27/08/2017;51,87
26/08/2017;51,73
25/08/2017;52,31
24/08/2017;52,29
23/08/2017;51,94
22/08/2017;52,29
21/08/2017;51,94
20/08/2017;50,96
19/08/2017;50,37
18/08/2017;50,39
17/08/2017;49,9
16/08/2017;51,29
15/08/2017;49,9
14/08/2017;51,29
13/08/2017;51,47
12/08/2017;52,59
11/08/2017;52,16
10/08/2017;52,18
09/08/2017;51,42
08/08/2017;52,18
07/08/2017;51,42
06/08/2017;52,48
05/08/2017;52,88
04/08/2017;52,09
03/08/2017;50,77
02/08/2017;51,99
01/08/2017;50,77
31/07/2017;51,99
30/07/2017;52
29/07/2017;50,67
28/07/2017;50,08
27/07/2017;49,19
26/07/2017;47,81
25/07/2017;49,19
24/07/2017;47,81
23/07/2017;47,47
22/07/2017;48,54
21/07/2017;48,34
20/07/2017;47,92
19/07/2017;47,66
18/07/2017;47,92
17/07/2017;47,66
16/07/2017;47,89
15/07/2017;47,65
14/07/2017;46,73
13/07/2017;46,68
12/07/2017;46,57
11/07/2017;46,68
10/07/2017;46,57
09/07/2017;46,47
08/07/2017;48,53
07/07/2017;47,58
06/07/2017;49,15
05/07/2017;49,13
04/07/2017;49,15
03/07/2017;49,13
02/07/2017;47,08
01/07/2017;47,02
30/06/2017;46,45
29/06/2017;46,17
28/06/2017;44,09
27/06/2017;46,17
26/06/2017;44,09
25/06/2017;44,14
24/06/2017;44,46
23/06/2017;44,62
22/06/2017;43,98
21/06/2017;45,93
20/06/2017;43,98
19/06/2017;45,93
18/06/2017;45,7
17/06/2017;45,61
16/06/2017;45,47
15/06/2017;46,95
14/06/2017;47,18
13/06/2017;46,95
12/06/2017;47,18
11/06/2017;46,64
10/06/2017;46,3
09/06/2017;47,08
08/06/2017;48,11
07/06/2017;48,25
06/06/2017;48,11
05/06/2017;48,25
04/06/2017;48,46
03/06/2017;50,41
02/06/2017;49,4
01/06/2017;50,65
31/05/2017;52,25
30/05/2017;50,65
29/05/2017;52,25
28/05/2017;50,84
27/05/2017;52,25
26/05/2017;53,29
25/05/2017;53,19
24/05/2017;53,35
23/05/2017;53,19
22/05/2017;53,35
21/05/2017;52,78
20/05/2017;51,71
19/05/2017;51,76
18/05/2017;51,21
17/05/2017;51,29
16/05/2017;51,21
15/05/2017;51,29
14/05/2017;49,08
13/05/2017;49,18
12/05/2017;48,09
11/05/2017;47,06
10/05/2017;46,61
09/05/2017;47,06
08/05/2017;46,61
07/05/2017;47,45
06/05/2017;47,53
05/05/2017;48,82
04/05/2017;49,31
03/05/2017;50,41
02/05/2017;49,31
01/05/2017;50,41
30/04/2017;49,46
29/04/2017;49,46
28/04/2017;49,99
27/04/2017;49,37
26/04/2017;49,45
25/04/2017;49,37
24/04/2017;49,45
23/04/2017;49,93
22/04/2017;50,66
21/04/2017;52,43
20/04/2017;52,6
19/04/2017;54,79
18/04/2017;52,6
17/04/2017;54,79
15/04/2017;54,75
14/04/2017;54,75
13/04/2017;54,73
12/04/2017;54,79
11/04/2017;54,73
10/04/2017;54,79
09/04/2017;54,24
08/04/2017;53,62
07/04/2017;53,41
06/04/2017;53,08
05/04/2017;52,04
04/04/2017;53,08
03/04/2017;52,04
02/04/2017;52,2
01/04/2017;52,25
31/03/2017;51,36
30/03/2017;50,72
29/03/2017;50,12
28/03/2017;50,72
27/03/2017;50,12
26/03/2017;49,97
25/03/2017;50,17
24/03/2017;49,56
23/03/2017;50,14
22/03/2017;50,67
21/03/2017;50,14
20/03/2017;50,67
19/03/2017;50,58
18/03/2017;50,56
17/03/2017;50,63
16/03/2017;49,6
15/03/2017;50,1
14/03/2017;49,6
13/03/2017;50,1
12/03/2017;50,63
11/03/2017;50,65
10/03/2017;53,3
09/03/2017;54,61
08/03/2017;54,73
07/03/2017;54,61
06/03/2017;54,73
05/03/2017;54,12
04/03/2017;54,16
03/03/2017;55,72
02/03/2017;53,36
01/03/2017;54,65
28/02/2017;53,36
27/02/2017;54,65
26/02/2017;54,69
25/02/2017;55,82
24/02/2017;54,9
23/02/2017;56,34
22/02/2017;55,25
21/02/2017;56,34
20/02/2017;54,48
19/02/2017;54,16
18/02/2017;54,57
17/02/2017;54,96
16/02/2017;54,15
15/02/2017;54,57
14/02/2017;54,96
13/02/2017;55,2
12/02/2017;53,98
11/02/2017;54,42
10/02/2017;53,79
09/02/2017;55,02
08/02/2017;54,42
07/02/2017;53,79
06/02/2017;55,92
05/02/2017;55,94
04/02/2017;55,79
03/02/2017;55,25
02/02/2017;54,77
01/02/2017;55,79
31/01/2017;55,25
30/01/2017;54,8
29/01/2017;55,89
28/01/2017;54,34
27/01/2017;54,7
26/01/2017;54,8
25/01/2017;54,34
24/01/2017;54,7
23/01/2017;55,04
22/01/2017;53,18
21/01/2017;53,77
20/01/2017;54,68
19/01/2017;54,3
18/01/2017;53,77
17/01/2017;54,68
16/01/2017;54,37
15/01/2017;54,51
14/01/2017;53,61
13/01/2017;53,2
12/01/2017;54,39
11/01/2017;53,61
10/01/2017;53,2
09/01/2017;55,9
08/01/2017;54,99
07/01/2017;54,57
06/01/2017;55,05
05/01/2017;54,99
04/01/2017;54,57
03/01/2017;55,05
02/01/2017;54,96
01/01/2017;54,95
31/12/2016;53,93
30/12/2016;53,93
29/12/2016;54,95
28/12/2016;53,93
27/12/2016;53,93
26/12/2016;53,93
25/12/2016;54,04
24/12/2016;53,01
23/12/2016;54,56
22/12/2016;53,53
21/12/2016;53,01
20/12/2016;54,56
19/12/2016;54,15
18/12/2016;51,72
17/12/2016;53,15
16/12/2016;53,28
15/12/2016;53,99
14/12/2016;53,15
13/12/2016;53,28
12/12/2016;52,19
11/12/2016;51,6
10/12/2016;51,9
09/12/2016;52,31
08/12/2016;53,3
07/12/2016;51,9
06/12/2016;52,31
05/12/2016;52,35
04/12/2016;52,28
03/12/2016;47,95
02/12/2016;44,68
01/12/2016;46,64
30/11/2016;47,95
29/11/2016;44,68
28/11/2016;46,32
27/11/2016;47,54
26/11/2016;46,54
25/11/2016;46,1
24/11/2016;45,96
23/11/2016;46,54
22/11/2016;46,1
21/11/2016;44,41
20/11/2016;44,57
19/11/2016;45,07
18/11/2016;44,15
17/11/2016;41,83
16/11/2016;45,07
15/11/2016;44,15
14/11/2016;41,61
13/11/2016;43,67
12/11/2016;43,88
11/11/2016;43,47
10/11/2016;42,83
09/11/2016;43,88
08/11/2016;43,47
07/11/2016;43,06
06/11/2016;43,84
05/11/2016;44,26
04/11/2016;45,77
03/11/2016;46,2
02/11/2016;44,26
01/11/2016;45,77
31/10/2016;47,78
30/10/2016;49,13
29/10/2016;48,98
28/10/2016;49,08
27/10/2016;49,8
26/10/2016;48,98
25/10/2016;49,08
24/10/2016;50,28
23/10/2016;50,42
22/10/2016;51,85
21/10/2016;49,81
20/10/2016;49,31
19/10/2016;51,85
18/10/2016;49,81
17/10/2016;48,87
16/10/2016;49,29
15/10/2016;49,53
14/10/2016;50,48
13/10/2016;51,54
12/10/2016;49,53
11/10/2016;50,48
10/10/2016;50,49
09/10/2016;50,14
08/10/2016;49,57
07/10/2016;48,81
06/10/2016;48,61
05/10/2016;49,57
04/10/2016;48,81
03/10/2016;48,24
02/10/2016;48,43
01/10/2016;45,49
30/09/2016;44,95
29/09/2016;46,61
28/09/2016;45,49
27/09/2016;44,95
26/09/2016;46,71
25/09/2016;47,21
24/09/2016;45,99
23/09/2016;45,24
22/09/2016;46,04
21/09/2016;45,99
20/09/2016;45,24
19/09/2016;45,26
18/09/2016;45,83
17/09/2016;45,65
16/09/2016;46,48
15/09/2016;47,82
14/09/2016;45,65
13/09/2016;47,82
12/09/2016;48,37
11/09/2016;49,23
10/09/2016;47
09/09/2016;46,21
08/09/2016;46,72
07/09/2016;47
06/09/2016;46,21
05/09/2016;45,96
04/09/2016;45,05
03/09/2016;47,94
02/09/2016;47,94
01/09/2016;49,66
31/08/2016;47,94
30/08/2016;47,94
29/08/2016;49,66
28/08/2016;49,25
27/08/2016;47,56
26/08/2016;48,7
25/08/2016;48,1
24/08/2016;47,56
23/08/2016;48,7
22/08/2016;49,39
21/08/2016;49,46
20/08/2016;48,58
19/08/2016;48,27
18/08/2016;47,31
17/08/2016;48,58
16/08/2016;48,27
15/08/2016;45,12
14/08/2016;44,23
13/08/2016;42,19
12/08/2016;43,37
11/08/2016;43,24
10/08/2016;42,19
09/08/2016;43,37
08/08/2016;42,47
07/08/2016;41,33
06/08/2016;40,45
05/08/2016;40
04/08/2016;40,17
03/08/2016;40,45
02/08/2016;40
01/08/2016;40,76
31/07/2016;41,87
30/07/2016;42,78
29/07/2016;43,56
28/07/2016;43,76
27/07/2016;42,78
26/07/2016;43,56
25/07/2016;44,24
24/07/2016;44,99
23/07/2016;45,82
22/07/2016;45,7
21/07/2016;45,35
20/07/2016;45,82
19/07/2016;45,7
18/07/2016;46,25
17/07/2016;46,01
16/07/2016;44,67
15/07/2016;46,72
14/07/2016;44,04
13/07/2016;44,67
12/07/2016;46,72
11/07/2016;44,53
10/07/2016;45,93
09/07/2016;45,7
08/07/2016;45,64
07/07/2016;48,02
06/07/2016;45,7
05/07/2016;45,64
04/07/2016;47,65
03/07/2016;48,05
02/07/2016;48,4
01/07/2016;46,29
30/06/2016;45,07
29/06/2016;48,4
28/06/2016;46,29
27/06/2016;46,69
26/06/2016;48,63
25/06/2016;48,43
24/06/2016;48,18
23/06/2016;48,68
22/06/2016;48,43
21/06/2016;48,18
20/06/2016;46,57
19/06/2016;45,66
18/06/2016;47,47
17/06/2016;47,88
16/06/2016;49,36
15/06/2016;47,47
14/06/2016;47,88
13/06/2016;49,09
12/06/2016;50,52
11/06/2016;51,23
10/06/2016;50,37
09/06/2016;49,71
08/06/2016;51,23
07/06/2016;50,37
06/06/2016;48,94
05/06/2016;48,5
04/06/2016;49,05
03/06/2016;48,81
02/06/2016;49,26
01/06/2016;49,05
31/05/2016;48,81
30/05/2016;49,09
29/05/2016;49,52
28/05/2016;48,87
27/05/2016;48,42
26/05/2016;47,77
25/05/2016;48,87
24/05/2016;48,42
23/05/2016;48,54
22/05/2016;47,01
21/05/2016;48,93
20/05/2016;48,71
19/05/2016;48,49
18/05/2016;48,93
17/05/2016;48,71
16/05/2016;47,05
15/05/2016;46,43
14/05/2016;46,08
13/05/2016;44,01
12/05/2016;42,43
11/05/2016;46,08
10/05/2016;44,01
09/05/2016;44,6
08/05/2016;44,39
07/05/2016;43,08
06/05/2016;43,09
05/05/2016;45,82
04/05/2016;43,08
03/05/2016;43,09
02/05/2016;45,64
01/05/2016;45,6
30/04/2016;44,17
29/04/2016;43,94
28/04/2016;42,97
27/04/2016;44,17
26/04/2016;41,67
25/04/2016;43,97
24/04/2016;43,48
23/04/2016;43,09
22/04/2016;43,02
21/04/2016;41,64
20/04/2016;43,09
19/04/2016;43,02
18/04/2016;41,32
17/04/2016;43,02
16/04/2016;42,81
15/04/2016;43,02
14/04/2016;41,58
13/04/2016;42,81
12/04/2016;43,02
11/04/2016;40,71
10/04/2016;37,15
09/04/2016;37,77
08/04/2016;35,88
07/04/2016;36,05
06/04/2016;37,77
05/04/2016;35,88
04/04/2016;36,42
03/04/2016;36,75
02/04/2016;36,75
01/04/2016;36,75
31/03/2016;38,33
30/03/2016;36,75
29/03/2016;36,75
28/03/2016;38,33
27/03/2016;38,33
26/03/2016;38,84
25/03/2016;40,54
24/03/2016;39,91
23/03/2016;38,84
22/03/2016;40,54
21/03/2016;39,26
20/03/2016;39,29
19/03/2016;38,38
18/03/2016;37,49
17/03/2016;38,06
16/03/2016;38,38
15/03/2016;37,49
14/03/2016;39,41
13/03/2016;38,63
12/03/2016;40,26
11/03/2016;39,16
10/03/2016;39,02
09/03/2016;40,26
08/03/2016;39,02
07/03/2016;37,61
06/03/2016;35,75
05/03/2016;36,38
04/03/2016;35,73
03/03/2016;35,92
02/03/2016;36,38
01/03/2016;35,73
29/02/2016;35,76
28/02/2016;32,83
27/02/2016;31,5
26/02/2016;31,9
25/02/2016;33,59
24/02/2016;33,59
23/02/2016;31,66
22/02/2016;33,2
21/02/2016;33,21
20/02/2016;31,09
19/02/2016;31,66
18/02/2016;33,2
17/02/2016;33,21
16/02/2016;31,8
15/02/2016;28,82
14/02/2016;29,64
13/02/2016;30,15
12/02/2016;31,64
11/02/2016;28,82
10/02/2016;29,64
09/02/2016;32,35
08/02/2016;32,76
07/02/2016;32,38
06/02/2016;30,98
05/02/2016;32,45
04/02/2016;32,76
03/02/2016;32,38
02/02/2016;33,14
01/02/2016;33,01
31/01/2016;31,83
30/01/2016;30,94
29/01/2016;29,82
28/01/2016;33,01
27/01/2016;31,83
26/01/2016;30,46
25/01/2016;27,59
24/01/2016;26,01
23/01/2016;27,36
22/01/2016;27,36
21/01/2016;27,59
20/01/2016;26,01
19/01/2016;28,8
18/01/2016;28,84
17/01/2016;28,58
16/01/2016;29,14
15/01/2016;30,14
14/01/2016;28,84
13/01/2016;28,58
12/01/2016;31,67
11/01/2016;33,57
10/01/2016;33,89
09/01/2016;35,56
08/01/2016;36,28
07/01/2016;33,57
06/01/2016;33,89
05/01/2016;35,56
04/01/2016;36,61
03/01/2016;35,65
02/01/2016;36,85
01/01/2016;37,08
31/12/2015;36,61
30/12/2015;35,65
29/12/2015;36,85
28/12/2015;37,22
27/12/2015;35,79
26/12/2015;35,26
25/12/2015;35,34
24/12/2015;37,22
23/12/2015;35,79
22/12/2015;36,76
21/12/2015;36,29
20/12/2015;36,96
19/12/2015;37,66
18/12/2015;36,51
17/12/2015;36,29
16/12/2015;36,96
15/12/2015;36,99
14/12/2015;38,65
13/12/2015;39,04
12/12/2015;39,44
11/12/2015;39,69
10/12/2015;38,65
09/12/2015;39,04
08/12/2015;41,44
07/12/2015;42
06/12/2015;41,92
05/12/2015;42,97
04/12/2015;43,73
03/12/2015;42
02/12/2015;41,92
01/12/2015;43,07
30/11/2015;43,55
29/11/2015;43,56
28/11/2015;44,38
27/11/2015;43,7
26/11/2015;43,55
25/11/2015;43,56
24/11/2015;42,49
23/11/2015;42,22
22/11/2015;41,45
21/11/2015;41,28
20/11/2015;40,28
19/11/2015;42,22
18/11/2015;41,45
17/11/2015;41,98
16/11/2015;44,98
15/11/2015;44,98
14/11/2015;46,44
13/11/2015;45,38
12/11/2015;44,98
11/11/2015;44,98
10/11/2015;46,09
09/11/2015;47,19
08/11/2015;46,96
07/11/2015;48
06/11/2015;47,91
05/11/2015;47,19
04/11/2015;46,96
03/11/2015;48
02/11/2015;48,04
01/11/2015;47,6
31/10/2015;45,54
30/10/2015;46,57
29/10/2015;48,04
28/10/2015;47,6
27/10/2015;46,3
26/10/2015;46,59
25/10/2015;46,72
24/10/2015;46,93
23/10/2015;47,51
22/10/2015;46,59
21/10/2015;46,72
20/10/2015;48,96
19/10/2015;47,87
18/10/2015;48,25
17/10/2015;48,94
16/10/2015;50,95
15/10/2015;47,87
14/10/2015;48,25
13/10/2015;52,08
12/10/2015;52,13
11/10/2015;51,66
10/10/2015;51,34
09/10/2015;49,45
08/10/2015;52,13
07/10/2015;51,66
06/10/2015;46,55
05/10/2015;47,48
04/10/2015;47,29
03/10/2015;47,58
02/10/2015;46,04
01/10/2015;47,48
30/09/2015;47,29
29/09/2015;47,28
28/09/2015;47,06
27/09/2015;48
26/09/2015;46,69
25/09/2015;47,64
24/09/2015;47,06
23/09/2015;48
22/09/2015;47,28
21/09/2015;48,27
20/09/2015;49,35
19/09/2015;45,91
18/09/2015;45,87
17/09/2015;48,27
16/09/2015;49,35
15/09/2015;46,87
14/09/2015;47,77
13/09/2015;48,04
12/09/2015;48,88
11/09/2015;46,42
10/09/2015;47,77
09/09/2015;48,04
08/09/2015;48,59
07/09/2015;50,41
06/09/2015;47,67
05/09/2015;48,8
04/09/2015;48,59
03/09/2015;50,41
02/09/2015;47,67
01/09/2015;47,97
31/08/2015;44,46
30/08/2015;47,76
29/08/2015;41,86
28/08/2015;41,59
27/08/2015;44,46
26/08/2015;47,76
25/08/2015;43,84
24/08/2015;45,63
23/08/2015;45,75
22/08/2015;47
21/08/2015;47,77
20/08/2015;45,63
19/08/2015;45,75
18/08/2015;47,79
17/08/2015;48,01
16/08/2015;48,29
15/08/2015;47,33
14/08/2015;48,3
13/08/2015;48,01
12/08/2015;48,29
11/08/2015;47,54
10/08/2015;47,8
09/08/2015;49,04
08/08/2015;49,08
07/08/2015;49,49
06/08/2015;47,8
05/08/2015;49,04
04/08/2015;53,29
03/08/2015;54,29
02/08/2015;54,73
01/08/2015;54,3
31/07/2015;54,07
30/07/2015;54,29
29/07/2015;54,73
28/07/2015;54,29
27/07/2015;55,76
26/07/2015;56,36
25/07/2015;55,94
24/07/2015;56,42
23/07/2015;55,76
22/07/2015;56,36
21/07/2015;56,38
20/07/2015;57,31
19/07/2015;57,34
18/07/2015;57,2
17/07/2015;57,63
16/07/2015;57,31
15/07/2015;57,34
14/07/2015;57,72
13/07/2015;57,83
12/07/2015;55,7
11/07/2015;54,72
10/07/2015;57,19
09/07/2015;57,83
08/07/2015;55,7
07/07/2015;59,06
06/07/2015;61,73
05/07/2015;61,65
04/07/2015;60,31
03/07/2015;59,03
02/07/2015;61,73
01/07/2015;61,65
30/06/2015;60,14
29/06/2015;60,24
28/06/2015;61,63
27/06/2015;61,67
26/06/2015;60,54
25/06/2015;60,24
24/06/2015;61,63
23/06/2015;59,41
22/06/2015;61,37
21/06/2015;60,75
20/06/2015;60,75
19/06/2015;60,99
18/06/2015;61,37
17/06/2015;60,75
16/06/2015;63,19
15/06/2015;63,76
14/06/2015;64,68
13/06/2015;63,23
12/06/2015;61,33
11/06/2015;63,76
10/06/2015;64,68
09/06/2015;60,36
08/06/2015;60,34
07/06/2015;62,78
06/06/2015;63,14
05/06/2015;62,87
04/06/2015;60,34
03/06/2015;62,78
02/06/2015;63,16
01/06/2015;60,12
31/05/2015;61,35
30/05/2015;61,65
29/05/2015;64,52
28/05/2015;60,12
27/05/2015;61,35
26/05/2015;64,7
25/05/2015;64,7
24/05/2015;63,52
23/05/2015;63,48
22/05/2015;65,15
21/05/2015;64,7
20/05/2015;63,52
19/05/2015;64,69
18/05/2015;65,58
17/05/2015;66,33
16/05/2015;65,09
15/05/2015;62,82
14/05/2015;65,58
13/05/2015;66,33
12/05/2015;63,82
11/05/2015;64,93
10/05/2015;66,22
09/05/2015;65,44
08/05/2015;64,62
07/05/2015;64,93
06/05/2015;66,22
05/05/2015;64,13
04/05/2015;63,9
03/05/2015;63,97
02/05/2015;62,61
01/05/2015;62,86
30/04/2015;63,9
29/04/2015;63,97
28/04/2015;62,96
27/04/2015;62,66
26/04/2015;60,12
25/04/2015;60,12
24/04/2015;61,2
23/04/2015;62,66
22/04/2015;60,12
21/04/2015;61,31
20/04/2015;60,13
19/04/2015;59,32
18/04/2015;57,69
17/04/2015;57,14
16/04/2015;60,13
15/04/2015;59,32
14/04/2015;56,82
13/04/2015;56,04
12/04/2015;56,42
11/04/2015;57,55
10/04/2015;55,73
09/04/2015;56,04
08/04/2015;56,42
07/04/2015;55,73
06/04/2015;55,73
05/04/2015;55,73
04/04/2015;53,69
03/04/2015;53,99
02/04/2015;55,73
01/04/2015;55,73
31/03/2015;56,44
30/03/2015;57,02
29/03/2015;54,18
28/03/2015;53,61
27/03/2015;53,82
26/03/2015;57,02
25/03/2015;54,18
24/03/2015;53,88
23/03/2015;52,96
22/03/2015;52,59
21/03/2015;52,17
20/03/2015;52
19/03/2015;52,96
18/03/2015;52,59
17/03/2015;54,8
16/03/2015;56,66
15/03/2015;56,46
14/03/2015;55,95
13/03/2015;58,67
12/03/2015;56,66
11/03/2015;56,46
10/03/2015;59,15
09/03/2015;60,33
08/03/2015;59,18
07/03/2015;61,18
06/03/2015;60,75
05/03/2015;60,33
04/03/2015;59,18
03/03/2015;61,89
02/03/2015;61,39
01/03/2015;59,77
28/02/2015;60,33
27/02/2015;59,78
26/02/2015;61,39
25/02/2015;59,77
24/02/2015;60,99
23/02/2015;58,78
22/02/2015;60,72
21/02/2015;60,78
20/02/2015;61,57
19/02/2015;58,78
18/02/2015;60,72
17/02/2015;60,33
16/02/2015;56,23
15/02/2015;53,48
14/02/2015;55,79
13/02/2015;57
12/02/2015;56,23
11/02/2015;53,48
10/02/2015;55,88
09/02/2015;55,98
08/02/2015;55,07
07/02/2015;54,41
06/02/2015;51,74
05/02/2015;55,98
04/02/2015;55,07
03/02/2015;47,52
02/02/2015;46,61
01/02/2015;47,07
31/01/2015;46,55
30/01/2015;46,07
29/01/2015;46,61
28/01/2015;47,07
27/01/2015;46,69
26/01/2015;46,09
25/01/2015;46,5
24/01/2015;46,49
23/01/2015;46,69
22/01/2015;46,09
21/01/2015;46,5
20/01/2015;47,38
19/01/2015;47,66
18/01/2015;45,82
17/01/2015;45,13
16/01/2015;46,9
15/01/2015;47,66
14/01/2015;45,82
13/01/2015;47,64
12/01/2015;49,43
11/01/2015;49,06
10/01/2015;50,12
09/01/2015;51,08
08/01/2015;49,43
07/01/2015;49,06
06/01/2015;55,38
05/01/2015;55,27
04/01/2015;55,27
03/01/2015;55,6
02/01/2015;57,86
01/01/2015;55,27
31/12/2014;55,27
30/12/2014;58,72
29/12/2014;57,86
28/12/2014;58,67
27/12/2014;59,07
26/12/2014;58,31
24/12/2014;58,67
23/12/2014;58,87
22/12/2014;58,81
21/12/2014;59,84
20/12/2014;60,26
19/12/2014;61,09
18/12/2014;58,81
17/12/2014;59,84
16/12/2014;61,67
15/12/2014;63,65
14/12/2014;63,32
13/12/2014;66,11
12/12/2014;65,64
11/12/2014;63,65
10/12/2014;63,32
09/12/2014;68
08/12/2014;68,48
07/12/2014;70,13
06/12/2014;71,13
05/12/2014;70,87
04/12/2014;68,48
03/12/2014;70,13
02/12/2014;71,89
01/12/2014;70,87
30/11/2014;77,39
29/11/2014;77,62
28/11/2014;79,62
26/11/2014;77,39
25/11/2014;79,2
24/11/2014;77,61
23/11/2014;77,21
22/11/2014;77,23
21/11/2014;76,86
20/11/2014;77,61
19/11/2014;77,21
18/11/2014;77,51
17/11/2014;77,74
16/11/2014;80,42
15/11/2014;80,94
14/11/2014;82,9
13/11/2014;77,74
12/11/2014;80,42
11/11/2014;83,2
10/11/2014;82,08
09/11/2014;82,88
08/11/2014;82,12
07/11/2014;84,9
06/11/2014;82,08
05/11/2014;82,88
04/11/2014;84,17
03/11/2014;85,5
02/11/2014;86,91
01/11/2014;85,57
31/10/2014;85,64
30/10/2014;85,5
29/10/2014;86,91
28/10/2014;86
27/10/2014;85,94
26/10/2014;86,38
25/10/2014;85,17
24/10/2014;84,42
23/10/2014;85,94
22/10/2014;86,38
21/10/2014;85,27
20/10/2014;84,02
19/10/2014;84,02
18/10/2014;86,36
17/10/2014;87,82
16/10/2014;84,02
15/10/2014;84,02
14/10/2014;88,66
13/10/2014;90,47
12/10/2014;90,25
11/10/2014;90,9
10/10/2014;90,65
09/10/2014;90,47
08/10/2014;90,25
07/10/2014;90,8
06/10/2014;91,29
05/10/2014;94,57
04/10/2014;94,67
03/10/2014;95,7
02/10/2014;91,29
01/10/2014;94,57
30/09/2014;95,08
29/09/2014;95,2
28/09/2014;94,53
27/09/2014;94,87
26/09/2014;95,37
25/09/2014;95,2
24/09/2014;94,53
23/09/2014;96,75
22/09/2014;96,82
21/09/2014;97,7
20/09/2014;97,39
19/09/2014;96,43
18/09/2014;96,82
17/09/2014;97,7
16/09/2014;96,31
15/09/2014;96,42
14/09/2014;96,26
13/09/2014;98,08
12/09/2014;99,53
11/09/2014;96,42
10/09/2014;96,26
09/09/2014;99,51
08/09/2014;101,21
07/09/2014;100,88
06/09/2014;100,21
05/09/2014;99,51
04/09/2014;101,21
03/09/2014;100,88
02/09/2014;101,12
01/09/2014;100,71
31/08/2014;100,4
30/08/2014;100,5
29/08/2014;100,49
28/08/2014;100,71
27/08/2014;100,4
26/08/2014;100,09
25/08/2014;100,28
24/08/2014;99,92
23/08/2014;99,74
22/08/2014;99,37
21/08/2014;100,28
20/08/2014;99,92
19/08/2014;101,13
18/08/2014;101,15
17/08/2014;102,27
16/08/2014;101,68
15/08/2014;103,47
14/08/2014;101,15
13/08/2014;102,27
12/08/2014;103,36
11/08/2014;104,02
10/08/2014;104,17
09/08/2014;102,82
08/08/2014;103,63
07/08/2014;104,02
06/08/2014;104,17
05/08/2014;103,45
04/08/2014;104,94
03/08/2014;106,47
02/08/2014;106,98
01/08/2014;106,7
31/07/2014;104,94
30/07/2014;106,47
29/07/2014;106,89
28/07/2014;105,78
27/07/2014;106,85
26/07/2014;106,48
25/07/2014;105,71
24/07/2014;105,78
23/07/2014;106,85
22/07/2014;106,03
21/07/2014;106,04
20/07/2014;105,41
19/07/2014;104,73
18/07/2014;104,73
17/07/2014;106,04
16/07/2014;105,41
15/07/2014;105,77
14/07/2014;106,2
13/07/2014;106,84
12/07/2014;107,65
11/07/2014;108,7
10/07/2014;106,2
09/07/2014;106,84
08/07/2014;107,65
07/07/2014;108,98
06/07/2014;110,18
05/07/2014;110,84
04/07/2014;111,03
03/07/2014;108,98
02/07/2014;110,18
01/07/2014;112,62
30/06/2014;112,61
29/06/2014;112,84
28/06/2014;113,74
27/06/2014;113,62
26/06/2014;112,61
25/06/2014;112,84
24/06/2014;114,55
23/06/2014;115,19
22/06/2014;114,25
21/06/2014;114,02
20/06/2014;113,42
19/06/2014;115,19
18/06/2014;114,25
17/06/2014;113,15
16/06/2014;112,18
15/06/2014;109,83
14/06/2014;109,18
13/06/2014;110,55
12/06/2014;112,18
11/06/2014;109,83
10/06/2014;109,21
09/06/2014;108,43
08/06/2014;109,07
07/06/2014;108,87
06/06/2014;109,34
05/06/2014;108,43
04/06/2014;109,07
03/06/2014;109,21
02/06/2014;109,98
01/06/2014;109,09
31/05/2014;109,81
30/05/2014;110,01
29/05/2014;109,98
28/05/2014;109,09
27/05/2014;110,19
26/05/2014;110,89
25/05/2014;111,32
24/05/2014;110,35
23/05/2014;110,84
22/05/2014;110,89
21/05/2014;111,32
20/05/2014;110,9
19/05/2014;109,74
18/05/2014;109,87
17/05/2014;108,78
16/05/2014;108,37
15/05/2014;109,74
14/05/2014;109,87
13/05/2014;108,26
12/05/2014;108,19
11/05/2014;108,17
10/05/2014;108,3
09/05/2014;109,48
08/05/2014;108,19
07/05/2014;108,17
06/05/2014;109,48
05/05/2014;108,63
04/05/2014;108,63
03/05/2014;109,89
02/05/2014;109,12
01/05/2014;108,63
30/04/2014;108,63
29/04/2014;109,53
28/04/2014;109,79
27/04/2014;108,48
26/04/2014;108,54
25/04/2014;109,69
24/04/2014;109,79
23/04/2014;108,48
22/04/2014;108,54
21/04/2014;109,79
20/04/2014;109,71
19/04/2014;109,1
18/04/2014;107,68
17/04/2014;109,79
16/04/2014;109,71
15/04/2014;107,34
14/04/2014;107,1
13/04/2014;107,39
12/04/2014;105,83
11/04/2014;104,89
10/04/2014;107,1
09/04/2014;107,39
08/04/2014;106,41
07/04/2014;104,88
06/04/2014;103,37
05/04/2014;105,7
04/04/2014;105,95
03/04/2014;104,88
02/04/2014;103,37
01/04/2014;106,64
31/03/2014;106,58
30/03/2014;105,9
29/03/2014;107,01
28/03/2014;106,59
27/03/2014;106,58
26/03/2014;105,9
25/03/2014;107,2
24/03/2014;105,73
23/03/2014;105,95
22/03/2014;106,79
21/03/2014;106,99
20/03/2014;105,73
19/03/2014;105,95
18/03/2014;108,08
17/03/2014;107,48
16/03/2014;107,88
15/03/2014;108,35
14/03/2014;108,27
13/03/2014;107,48
12/03/2014;107,88
11/03/2014;109,14
10/03/2014;107,99
09/03/2014;108,15
08/03/2014;109,17
07/03/2014;111,26
06/03/2014;107,99
05/03/2014;108,15
04/03/2014;108,98
03/03/2014;108,54
02/03/2014;109,39
01/03/2014;109,19
28/02/2014;109,76
27/02/2014;108,54
26/02/2014;109,39
25/02/2014;109,03
24/02/2014;109,42
23/02/2014;110,37
22/02/2014;110,14
21/02/2014;109,03
20/02/2014;109,42
19/02/2014;110,37
18/02/2014;108,63
17/02/2014;108,98
16/02/2014;108,62
15/02/2014;109,21
14/02/2014;110,18
13/02/2014;108,98
12/02/2014;108,62
11/02/2014;110,12
10/02/2014;108,15
09/02/2014;106,81
08/02/2014;107,04
07/02/2014;106,55
06/02/2014;108,15
05/02/2014;106,81
04/02/2014;108,16
03/02/2014;109,36
02/02/2014;108,83
01/02/2014;109,1
31/01/2014;108,72
30/01/2014;109,36
29/01/2014;108,83
28/01/2014;109,14
27/01/2014;109,69
26/01/2014;109,69
25/01/2014;109,17
24/01/2014;108,01
23/01/2014;109,69
22/01/2014;109,69
21/01/2014;108,45
20/01/2014;107,46
19/01/2014;108,09
18/01/2014;107,12
17/01/2014;108,02
16/01/2014;107,46
15/01/2014;108,09
14/01/2014;106,44
13/01/2014;107,49
12/01/2014;107,42
11/01/2014;107,01
10/01/2014;106,71
09/01/2014;107,49
08/01/2014;107,42
07/01/2014;106,57
06/01/2014;107,94
04/01/2014;109,95
03/01/2014;110,47
02/01/2014;107,94
